SMILES,AMES_mutagenicity_Probability,AMES_mutagenicity_Label,Carcinogenicity_Probability,Carcinogenicity_Label,DILI_Probability,DILI_Label,hERG_Probability,hERG_Label,Hematotoxicity_Probability,Hematotoxicity_Label
CN(CC(=O)O)C(=N)N,0.11009558631628563,0.0,0.23441907656675068,0.0,0.3513,0.0,0.0,0.0,0.42716666666666664,0.0
CN(CCOc1ccc(NS(C)(=O)=O)cc1)CCc1ccc(NS(C)(=O)=O)cc1,0.12649988007292545,0.0,0.26948384605433073,0.0,0.10305,0.0,0.714,1.0,0.046,0.0
CN(Cc1ccc(C(C)(C)C)cc1)Cc1cccc2ccccc12,0.3253623029627167,0.0,0.2911385307790063,0.0,0.19816666666666666,0.0,0.094,0.0,0.076,0.0
CN(C/C=C/c1ccccc1)Cc1cccc2ccccc12,0.5165545186947423,1.0,0.47830287929764503,0.0,0.106,0.0,0.048,0.0,0.8733333333333334,1.0
CN(C)/N=N/c1nc[nH]c1C(N)=O,0.5898859656333092,1.0,0.6406593557165798,1.0,0.94155,1.0,0.0,0.0,0.8336,1.0
CN(C)C(=N)NC(=N)N,0.25288251405624584,0.0,0.35970100949813877,0.0,0.15833333333333335,0.0,0.0,0.0,0.894,1.0
CN(C)C(=O)C(CCN1CCC(O)(c2ccc(Cl)cc2)CC1)(c1ccccc1)c1ccccc1,0.05708174514354157,0.0,0.13966148562179623,0.0,0.0025,0.0,0.61,1.0,0.12176666666666666,0.0
CN(C)C(=O)c1cc2cnc(Nc3ccc(N4CCNCC4)cn3)nc2n1C1CCCC1,0.12681294710364238,0.0,0.09832499126974215,0.0,0.9075666666666667,1.0,0.264,0.0,0.046,0.0
CN(C)CCN(Cc1ccccc1)c1ccccn1,0.08432398060106985,0.0,0.38120982641007206,0.0,0.943,1.0,0.056,0.0,0.0,0.0
CN(C)CCOC(c1ccc(Cl)cc1)c1ccccn1,0.06360776994505786,0.0,0.21125132262741647,0.0,0.036,0.0,0.12,0.0,0.05631666666666666,0.0
CN(C)CCOC(c1ccccc1)c1ccc(Br)cc1,0.05138713666360092,0.0,0.13046305193087013,0.0,0.184,0.0,0.22,0.0,0.018533333333333332,0.0
CN(C)CCOC(c1ccccc1)c1ccccc1,0.05268132567947514,0.0,0.08287722323881778,0.0,0.02,0.0,0.038,0.0,0.43760000000000004,0.0
CN(C)CCOc1ccccc1Cc1ccccc1,0.08417185187876429,0.0,0.29516479158771797,0.0,0.7653333333333334,1.0,0.048,0.0,0.011766666666666665,0.0
CN(C)CCC=C1c2ccccc2C=Cc2ccccc21,0.23798289110239546,0.0,0.24657259375794313,0.0,0.9601666666666666,1.0,0.286,0.0,0.9606333333333333,1.0
CN(C)CCC=C1c2ccccc2CCc2ccccc21,0.11323939260695445,0.0,0.18550104723356328,0.0,0.5307428571428574,1.0,0.344,0.0,0.6464238095238095,1.0
CN(C)CCC(O)(c1ccccc1)c1ccccc1Cl,0.0652890932784927,0.0,0.21900461509702943,0.0,0.24366666666666664,0.0,0.13,0.0,0.27207380952380955,0.0
CN(C)CCCC1(c2ccc(F)cc2)OCc2cc(C#N)ccc21,0.08331113220028044,0.0,0.22044532998007346,0.0,0.7494373015873026,1.0,0.802,1.0,0.4949142857142858,0.0
CN(C)CCCN1c2ccccc2CCc2ccccc21,0.13168456153334746,0.0,0.10912383125590701,0.0,0.994,1.0,0.386,0.0,0.805,1.0
CN(C)CCCN1c2ccccc2CCc2ccc(Cl)cc21,0.12076133704938563,0.0,0.107650739158866,0.0,0.9932000000000001,1.0,0.526,1.0,0.91,1.0
CN(C)CCC[C@@]1(c2ccc(F)cc2)OCc2cc(C#N)ccc21,0.08331113220028044,0.0,0.22044532998007346,0.0,0.7494373015873026,1.0,0.802,1.0,0.4949142857142858,0.0
CN(C)CC/C=C1/c2ccccc2COc2ccc(CC(=O)O)cc21,0.12793863680057552,0.0,0.23699154032094993,0.0,0.5161999999999998,1.0,0.052,0.0,0.4916126984126982,0.0
CN(C)CC(c1ccc(O)cc1)C1(O)CCCCC1,0.11010331352104605,0.0,0.22687505189129586,0.0,0.6701968253968259,1.0,0.012,0.0,0.07006666666666667,0.0
CN(C)c1cc(NC(=O)CNC(C)(C)C)c(O)c2c1C[C@H]1C[C@H]3[C@H](N(C)C)C(O)=C(C(N)=O)C(=O)[C@@]3(O)C(O)=C1C2=O,0.2131915355895339,0.0,0.15771249924517233,0.0,0.2982857142857143,0.0,0.014,0.0,0.5488333333333333,1.0
CN(C)c1ccc(O)c2c1C[C@H]1C[C@H]3[C@H](N(C)C)C(O)=C(C(N)=O)C(=O)[C@@]3(O)C(O)=C1C2=O,0.214174556583213,0.0,0.1337234612042948,0.0,0.9157571428571428,1.0,0.002,0.0,0.716,1.0
CN1CC2c3ccccc3Oc3ccc(Cl)cc3C2C1,0.39372988628060257,0.0,0.2291665125345792,0.0,0.8731333333333334,1.0,0.058,0.0,0.08728333333333334,0.0
CN1CCC(=C2c3ccccc3CC(=O)c3sccc32)CC1,0.141597707915291,0.0,0.0910469060056377,0.0,0.03966666666666667,0.0,0.054,0.0,0.0055,0.0
CN1CCC(=C2c3ccccc3CCc3cccnc32)CC1,0.23029994122334158,0.0,0.0817187839605752,0.0,0.9516666666666667,1.0,0.088,0.0,0.0605,0.0
CN1CCC(=C2c3ccccc3CCn3c(C=O)cnc32)CC1,0.25506216467224085,0.0,0.11028746174129511,0.0,0.6113857142857144,1.0,0.09,0.0,0.037,0.0
CN1CCC(=C2c3ccccc3C=Cc3ccccc32)CC1,0.15220641895494014,0.0,0.1394974085679073,0.0,0.967,1.0,0.108,0.0,0.0865,0.0
CN1CCC(OC(c2ccccc2)c2ccccc2)CC1,0.15670406409452253,0.0,0.0776811795090545,0.0,0.37934999999999997,0.0,0.132,0.0,0.006,0.0
CN1CCC(C(=O)c2cccc(NC(=O)c3c(F)cc(F)cc3F)n2)CC1,0.11711570004866867,0.0,0.12207009077183421,0.0,0.8222666666666668,1.0,0.066,0.0,0.2865333333333333,0.0
CN1CCC(COc2cnc(-c3cccc(Cn4nc(-c5cccc(C#N)c5)ccc4=O)c3)nc2)CC1,0.15434441197626425,0.0,0.18201274293284783,0.0,0.6981666666666666,1.0,0.498,0.0,0.391,0.0
CN1CCCC(CC2c3ccccc3Sc3ccccc32)C1,0.15383255019172842,0.0,0.07050792889613292,0.0,0.2558095238095238,0.0,0.212,0.0,0.17776666666666668,0.0
CN1CCCN=C1COC(=O)C(O)(c1ccccc1)C1CCCCC1,0.07861306728163064,0.0,0.14405980462693888,0.0,0.36883809523809524,0.0,0.03,0.0,0.014,0.0
CN1CCN(C2=Nc3cc(Cl)ccc3Nc3ccccc32)CC1,0.31709211024993145,0.0,0.06568172006058337,0.0,0.8603238095238094,1.0,0.554,1.0,0.982,1.0
CN1CCN(CC/C=C2/c3ccccc3Sc3ccc(S(=O)(=O)N(C)C)cc32)CC1,0.15223193383783742,0.0,0.2246872932671776,0.0,0.8804761904761904,1.0,0.262,0.0,0.6421000000000001,1.0
CN1CCN(c2ccc(Nc3ncc4cc5n(c4n3)C3(CCCCC3)CNC5=O)nc2)CC1,0.1288740116859745,0.0,0.0880679720614056,0.0,0.7166714285714286,1.0,0.33,0.0,0.2628333333333333,0.0
CN1CCN(c2ccc(C(=O)Nc3n[nH]c4ccc(Cc5cc(F)cc(F)c5)cc34)c(NC3CCOCC3)c2)CC1,0.20036095315414715,0.0,0.14055618870043443,0.0,0.8127428571428571,1.0,0.448,0.0,0.12,0.0
CN1CCN2c3c(cccc31)[C@@H]1CN(CCCC(=O)c3ccc(F)cc3)CC[C@@H]12,0.10002270846773012,0.0,0.04312595536728373,0.0,0.6754999999999999,1.0,0.38,0.0,0.095,0.0
CN1CC[C@]23c4c5ccc(O)c4O[C@H]2C(=O)CC[C@@]3(O)[C@H]1C5,0.189521919622177,0.0,0.18090188790079195,0.0,0.0037,0.0,0.012,0.0,0.021333333333333336,0.0
CN1CC[C@]23c4c5ccc(O)c4O[C@H]2C(=O)CC[C@H]3[C@H]1C5,0.08893228864044626,0.0,0.10529630463800398,0.0,0.005833333333333334,0.0,0.02,0.0,0.05866666666666667,0.0
CN1CCc2nc(C(=O)N[C@@H]3C[C@@H](C(=O)N(C)C)CC[C@@H]3NC(=O)C(=O)Nc3ccc(Cl)cn3)sc2C1,0.11257136435396087,0.0,0.1970534432412931,0.0,0.9281619047619046,1.0,0.092,0.0,0.3956,0.0
CN1Cc2c(N)cccc2C(c2ccccc2)C1,0.3071760666062393,0.0,0.3190340081092304,0.0,0.998,1.0,0.032,0.0,0.974,1.0
CN1C(=O)OC(C)(C)C1=O,0.22414150489206744,0.0,0.1277854720458217,0.0,0.89235,1.0,0.002,0.0,0.048,0.0
CN1[C@@H]2CCC[C@H]1C[C@@H](NC(=O)c1nn(C)c3ccccc13)C2,0.36238453091705025,0.0,0.13113170586854675,0.0,0.9059166666666667,1.0,0.54,1.0,0.742,1.0
CNC(=NCc1ccccc1)NC,0.21388645758878633,0.0,0.3894459794449896,0.0,0.4491,0.0,0.0,0.0,0.078,0.0
CNC(=O)c1cnn(-c2nc(N)c3ncn([C@@H]4O[C@H](CO)[C@@H](O)[C@H]4O)c3n2)c1,0.26495341882253653,0.0,0.09308754705439083,0.0,0.0,0.0,0.028,0.0,0.8638333333333332,1.0
CNC(=O)c1ccc(-c2cnc3ncc(Cc4ccc5ncccc5c4)n3n2)cc1F,0.12417601251441382,0.0,0.2481636760398435,0.0,0.7906095238095238,1.0,0.136,0.0,0.047,0.0
CNC(=O)c1ccccc1Sc1ccc2c(/C=C/c3ccccn3)n[nH]c2c1,0.29864375088396455,0.0,0.30573460280884307,0.0,0.992,1.0,0.014,0.0,0.718,1.0
CNC(C)(C)Cc1ccccc1,0.13400301011570512,0.0,0.2259723410507914,0.0,0.047233333333333336,0.0,0.002,0.0,0.0915,0.0
CNC(C)CC1CCCCC1,0.044581338131153926,0.0,0.18017944394100024,0.0,0.4737333333333333,0.0,0.014,0.0,0.006,0.0
CNC(C)CCC=C(C)C,0.04911595815133517,0.0,0.17254286247229328,0.0,0.48626666666666674,0.0,0.006,0.0,0.024,0.0
CNC1(c2ccccc2Cl)CCCCC1=O,0.10373841153528754,0.0,0.24863568010507556,0.0,0.5248047619047619,1.0,0.008,0.0,0.0492,0.0
CNCCC=C1c2ccccc2CCc2ccccc21,0.24155126650752146,0.0,0.10270730156919268,0.0,0.9866666666666667,1.0,0.268,0.0,0.0885,0.0
CNCCCC12CCC(c3ccccc31)c1ccccc12,0.12989929370546682,0.0,0.08333638719364765,0.0,0.14646666666666666,0.0,0.548,1.0,0.069,0.0
CNCCCC1c2ccccc2C=Cc2ccccc21,0.3077421133765169,0.0,0.1516741318347511,0.0,0.012,0.0,0.294,0.0,0.226,0.0
CNCCCN1c2ccccc2CCc2ccccc21,0.2331735427875094,0.0,0.08182397790483627,0.0,0.1135,0.0,0.414,0.0,0.94,1.0
CNCC[C@@H](Oc1ccccc1C)c1ccccc1,0.12904849230556045,0.0,0.15783450048170894,0.0,0.965,1.0,0.174,0.0,0.024,0.0
CNCC(=O)OCc1cccnc1N(C)C(=O)OC(C)[n+]1cnn(C[C@](O)(c2cc(F)ccc2F)[C@@H](C)c2nc(-c3ccc(C#N)cc3)cs2)c1,0.2179297020577477,0.0,0.185924615096307,0.0,0.7110023809523811,1.0,0.14,0.0,0.054,0.0
CNCC(O)c1ccc(OC(=O)C(C)(C)C)c(OC(=O)C(C)(C)C)c1,0.05406446711823203,0.0,0.2657606514997156,0.0,0.10666666666666666,0.0,0.012,0.0,0.014,0.0
CNC[C@H](O)c1cccc(O)c1,0.10917730835512626,0.0,0.20976621401247572,0.0,0.48292857142857154,0.0,0.006,0.0,0.01,0.0
CNS(=O)(=O)CCc1ccc2[nH]cc(C3CCN(C)CC3)c2c1,0.1970547637411914,0.0,0.16574421376130857,0.0,0.1095,0.0,0.154,0.0,0.9595,1.0
CNS(=O)(=O)Cc1ccc2[nH]cc(CCN(C)C)c2c1,0.11913368497521325,0.0,0.313582392402903,0.0,0.0085,0.0,0.01,0.0,0.926,1.0
CN[C@]1(c2ccccc2Cl)CCCCC1=O,0.10373841153528754,0.0,0.24863568010507556,0.0,0.5248047619047619,1.0,0.008,0.0,0.0492,0.0
COC(=O)N(C)c1c(N)nc(-c2nn(Cc3ccccc3F)c3ncccc23)nc1N,0.42958751391605987,0.0,0.19308024457703518,0.0,0.5368047619047619,1.0,0.136,0.0,0.8996000000000001,1.0
COC(=O)N[C@H](C(=O)N1CCC[C@H]1c1ncc(-c2ccc(-c3ccc(-c4cnc([C@@H]5CCCN5C(=O)[C@@H](NC(=O)OC)C(C)C)[nH]4)cc3)cc2)[nH]1)C(C)C,0.07590812382889256,0.0,0.04861989913458297,0.0,0.8949166666666666,1.0,0.272,0.0,0.042,0.0
COC(=O)Nc1c(N)nc(-c2nn(Cc3ccccc3F)c3ncc(F)cc23)nc1N,0.35732072688698974,0.0,0.19978817950583416,0.0,0.7001571428571427,1.0,0.14,0.0,0.6052666666666666,1.0
COC(=O)C1=C(C)NC(C)=C(C(=O)OCCN(C)Cc2ccccc2)C1c1cccc([N+](=O)[O-])c1,0.25872214983436237,0.0,0.07172973632756745,0.0,0.3468285714285713,0.0,0.362,0.0,0.406,0.0
COC(=O)CC[C@@H]1N=C(c2ccccn2)c2cc(Br)ccc2-n2c(C)cnc21,0.2108322115831044,0.0,0.19628054640589135,0.0,0.7060666666666667,1.0,0.084,0.0,0.0492,0.0
COC(=O)[C@H](c1ccccc1)[C@H]1CCCCN1C(=O)OC[n+]1cccc(C(=O)N[C@@H](CO)C(=O)[O-])c1,0.10259969877765188,0.0,0.1485652152623869,0.0,0.5785666666666666,1.0,0.032,0.0,0.3531333333333333,0.0
COC(=O)[C@H](c1ccccc1Cl)N1CCc2sccc2C1,0.21957740563425832,0.0,0.1573710007767662,0.0,0.9768333333333332,1.0,0.02,0.0,0.4885476190476192,0.0
COC(=O)c1ccc2c(c1)NC(=O)/C2=C(\Nc1ccc(N(C)C(=O)CN2CCN(C)CC2)cc1)c1ccccc1,0.1680539093021789,0.0,0.0722101450704503,0.0,0.8796666666666667,1.0,0.62,1.0,0.490147619047619,0.0
COC(=O)c1cccnc1,0.06240814823338752,0.0,0.31939709100653174,0.0,0.5456666666666667,1.0,0.0,0.0,0.006,0.0
COC1(C(=O)N[C@@H](C)c2ccc(-n3cc(F)cn3)nc2)CCC(c2nc(C)cc(Nc3cc(C)[nH]n3)n2)CC1,0.13121326488274446,0.0,0.16173230072300865,0.0,0.7125142857142859,1.0,0.194,0.0,0.16026666666666667,0.0
COC1=C(OC)C(=O)C(C/C=C(\C)CC/C=C(\C)CC/C=C(\C)CC/C=C(\C)CC/C=C(\C)CC/C=C(\C)CC/C=C(\C)CC/C=C(\C)CC/C=C(\C)CCC=C(C)C)=C(C)C1=O,0.053017837244381194,0.0,0.185565266772507,0.0,0.3049666666666667,0.0,0.026,0.0,0.07266666666666666,0.0
COCCOC(=O)C1=C(C)NC(C)=C(C(=O)OC(C)C)C1c1cccc([N+](=O)[O-])c1,0.30896047591312165,0.0,0.11984774285178601,0.0,0.48218152958152977,0.0,0.018,0.0,0.35416666666666663,0.0
COCCCC/C(=N\OCCN)c1ccc(C(F)(F)F)cc1,0.2751402723585734,0.0,0.3627509936187647,0.0,0.106,0.0,0.066,0.0,0.734,1.0
COCCCN1CCC(NC(=O)c2cc(Cl)c(N)c3c2OCC3)CC1,0.26123238673474775,0.0,0.1752805158836346,0.0,0.6564341269841273,1.0,0.302,0.0,0.7735,1.0
COCCCOc1cc(C[C@@H](C[C@H](N)[C@@H](O)C[C@H](C(=O)NCC(C)(C)C(N)=O)C(C)C)C(C)C)ccc1OC,0.08314123741034539,0.0,0.14074674011435442,0.0,0.5085913419913419,1.0,0.054,0.0,0.176,0.0
CO[C@@]1(NC(=O)C(C(=O)O)c2ccc(O)cc2)C(=O)N2C(C(=O)O)=C(CSc3nnnn3C)CO[C@@H]21,0.15622005605930456,0.0,0.08392947769874859,0.0,0.021571428571428568,0.0,0.004,0.0,0.7656,1.0
COc1c(C)c2c(c(O)c1C/C=C(\C)CCC(=O)OCCN1CCOCC1)C(=O)OC2,0.16919654572135553,0.0,0.27516972970989534,0.0,0.991,1.0,0.03,0.0,0.8888666666666668,1.0
COc1c(OCCCN2CCOCC2)ccc2c1N=C(NC(=O)c1cnc(N)nc1)N1CCN=C21,0.17399647051307265,0.0,0.11365974043964773,0.0,0.6835476190476191,1.0,0.108,0.0,0.366,0.0
COc1cc(NCc2ccc3nc(N)nc(N)c3c2C)cc(OC)c1OC,0.5545969264325566,1.0,0.3177230415972041,0.0,0.962,1.0,0.054,0.0,0.9264,1.0
COc1cc(OC)cc(N(CCNC(C)C)c2ccc3ncc(-c4cnn(C)c4)nc3c2)c1,0.2362481841487416,0.0,0.26287969971055947,0.0,0.7435333333333334,1.0,0.264,0.0,0.165,0.0
COc1cc(C(C)=O)ccc1OCCCN1CCC(c2noc3cc(F)ccc23)CC1,0.21917806594442008,0.0,0.1564063382302711,0.0,0.27493333333333336,0.0,0.45,0.0,0.27676666666666666,0.0
COc1cc([C@@H]2c3cc4c(cc3[C@H](O)[C@H]3COC(=O)[C@H]23)OCO4)cc(OC)c1OC,0.19831246220501,0.0,0.1622725649539022,0.0,0.020442857142857145,0.0,0.002,0.0,0.77975,1.0
COc1cc2nc(N3CCN(C(=O)C4CCCO4)CC3)nc(N)c2cc1OC,0.11734866846836033,0.0,0.16384205301255164,0.0,0.06466666666666666,0.0,0.134,0.0,0.724,1.0
COc1cc2nccc(Oc3ccc(NC(=O)Nc4cc(C)on4)c(Cl)c3)c2cc1OC,0.3308461855404305,0.0,0.3190624040535805,0.0,0.8080999999999999,1.0,0.032,0.0,0.534,1.0
COc1cc2nccc(Oc3ccc(NC(=O)C4(C(=O)Nc5ccc(F)cc5)CC4)cc3)c2cc1OC,0.28941109941955623,0.0,0.22840116614395523,0.0,0.7725976190476193,1.0,0.114,0.0,0.7551333333333333,1.0
COc1cc2ncnc(Nc3ccc(F)c(Cl)c3)c2cc1OCCCN1CCOCC1,0.15851620282234258,0.0,0.05838759509190555,0.0,0.974,1.0,0.314,0.0,0.849,1.0
COc1cc2c(cc1OC)C(=O)C(CC1CCN(Cc3ccccc3)CC1)C2,0.13307575886833223,0.0,0.1812177918432718,0.0,0.6486507936507937,1.0,0.276,0.0,0.952,1.0
COc1cc2c(cc1OC)C(CCc1ccc(Cl)cc1)N(C)CC2,0.12433408372108695,0.0,0.10740025635600388,0.0,0.6015952380952382,1.0,0.446,0.0,0.236,0.0
COc1cc2c(cc1OC)[C@H]1C[C@@H](OC(=O)[C@@H](N)C(C)C)[C@H](CC(C)C)CN1CC2,0.09284585690774275,0.0,0.12582621440520877,0.0,0.45424047619047625,0.0,0.086,0.0,0.13166666666666668,0.0
COc1cc2c3cc1Oc1cc(ccc1O)C[C@@H]1c4c(cc(OC)c(O)c4Oc4ccc(cc4)C[C@@H]3N(C)CC2)CC[N+]1(C)C,0.40333826835847464,0.0,0.1363990663478144,0.0,0.018357142857142857,0.0,0.06,0.0,0.16733333333333333,0.0
COc1cccc(OC)c1C(=O)N[C@@H]1C(=O)N2[C@@H]1SC(C)(C)[C@@H]2C(=O)O,0.09271157041511861,0.0,0.08671999696661839,0.0,0.976,1.0,0.0,0.0,0.649,1.0
COc1cccc(N2CCN(C3=Nc4c(F)cccc4[C@H](CC(=O)O)N3c3cc(C(F)(F)F)ccc3OC)CC2)c1,0.15200135431563716,0.0,0.11569710327174541,0.0,0.7397571428571429,1.0,0.234,0.0,0.044,0.0
COc1ccccc1O,0.1876788455551241,0.0,0.5518419155864296,1.0,0.22866666666666668,0.0,0.0,0.0,0.01,0.0
COc1ccccc1OCCNCC(O)COc1cccc2[nH]c3ccccc3c12,0.2729977277958968,0.0,0.2505941637124657,0.0,0.9659761904761903,1.0,0.088,0.0,0.892,1.0
COc1ccccc1OCC(O)COC(N)=O,0.18720093019701617,0.0,0.32148466767626943,0.0,0.028,0.0,0.002,0.0,0.023666666666666666,0.0
COc1ccc(C(=O)c2ccccc2)c(O)c1,0.19508346195106574,0.0,0.5185954601686543,1.0,0.17225,0.0,0.0,0.0,0.002,0.0
COc1ccc(C(CN(C)C)C2(O)CCCCC2)cc1,0.0818574911379236,0.0,0.20116922797771702,0.0,0.8346992063492065,1.0,0.02,0.0,0.9638333333333332,1.0
COc1ccc(C=CC(=O)OCCC(C)C)cc1,0.06064719655244015,0.0,0.21437748539587015,0.0,0.6421666666666668,1.0,0.004,0.0,0.004,0.0
COc1ccc(CCN(C)CCCC(C#N)(c2ccc(OC)c(OC)c2)C(C)C)cc1OC,0.08222661227816638,0.0,0.1982772641015835,0.0,0.7646428571428571,1.0,0.688,1.0,0.8946000000000001,1.0
COc1ccc(CC2c3cc(OC)c(OC)cc3CC[N+]2(C)CCC(=O)OCCCCCOC(=O)CC[N+]2(C)CCc3cc(OC)c(OC)cc3C2Cc2ccc(OC)c(OC)c2)cc1OC,0.08076564578796311,0.0,0.1095848701341255,0.0,0.0,0.0,0.108,0.0,0.18933333333333335,0.0
COc1ccc(CN(CCN(C)C)c2ccccn2)cc1,0.06995094968053982,0.0,0.20016301545795676,0.0,0.09333333333333334,0.0,0.438,0.0,0.004,0.0
COc1ccc(CNc2nc(N3CCC[C@H]3CO)ncc2C(=O)NCc2ncccn2)cc1Cl,0.0758067694677125,0.0,0.1411227161704472,0.0,0.9809333333333334,1.0,0.194,0.0,0.1472,0.0
COc1ccc(Cc2nccc3cc(OC)c(OC)cc23)cc1OC,0.3154882212647835,0.0,0.2926644279093285,0.0,0.9796,1.0,0.004,0.0,0.029,0.0
COc1ccc(Cl)cc1C(=O)NCCc1ccc(S(=O)(=O)NC(=O)NC2CCCCC2)cc1,0.13025201168850964,0.0,0.12075839387757213,0.0,0.981,1.0,0.002,0.0,0.638,1.0
COc1ccc2[nH]c3c(c2c1)CCN[C@]31CS[C@@H]2c3c(OC(C)=O)c(C)c4c(c3[C@H](COC1=O)N1[C@@H]2[C@H]2c3c(cc(C)c(OC)c3O)C[C@@H]([C@@H]1O)N2C)OCO4,0.5852403380233326,1.0,0.2865827203324586,0.0,0.7039000000000001,1.0,0.058,0.0,0.01,0.0
COc1ccc2cc(CCC(C)=O)ccc2c1,0.1406009815866219,0.0,0.31916652712978694,0.0,0.7297333333333333,1.0,0.004,0.0,0.944,1.0
COc1ccc2nc([S+]([O-])Cc3ncc(C)c(OC)c3C)[nH]c2c1,0.3222730708474666,0.0,0.6095929583515606,1.0,0.8739333333333333,1.0,0.006,0.0,0.8146666666666668,1.0
COc1ccc2nc([S@@+]([O-])Cc3ncc(C)c(OC)c3C)[nH]c2c1,0.3222730708474666,0.0,0.6095929583515606,1.0,0.8739333333333333,1.0,0.006,0.0,0.8146666666666668,1.0
COc1cnc(-n2cnc(C)n2)c2c1c(C(=O)C(=O)N1CCN(C(=O)c3ccccc3)CC1)cn2COP(=O)(O)O,0.23268795407812695,0.0,0.17645168243163087,0.0,0.7237444444444443,1.0,0.076,0.0,0.4655,0.0
COc1cnc(NS(=O)(=O)c2ccc(N)cc2)nc1,0.12773085840136547,0.0,0.3068239241536424,0.0,0.2556666666666667,0.0,0.0,0.0,0.02,0.0
CC=CC(=O)N(CC)c1ccccc1C,0.27823564985690774,0.0,0.4014448388420315,0.0,0.07,0.0,0.0,0.0,0.055600000000000004,0.0
CC(=O)OCC(=O)[C@@]12N=C(C)O[C@@H]1C[C@H]1[C@@H]3CCC4=CC(=O)C=C[C@]4(C)[C@H]3[C@@H](O)C[C@@]12C,0.1840268341987402,0.0,0.8111115354370922,1.0,0.49763333333333337,0.0,0.008,0.0,0.034,0.0
CC(=O)OCC(CCn1cnc2cnc(N)nc21)COC(C)=O,0.3163384478961287,0.0,0.2499356295483053,0.0,0.3639119047619047,0.0,0.024,0.0,0.954,1.0
CC(=O)OCC1=C(C(=O)O)N2C(=O)[C@@H](NC(=O)[C@H](N)c3ccccc3)[C@H]2SC1,0.3056981119343797,0.0,0.18053363586493623,0.0,0.2930555555555556,0.0,0.0,0.0,0.11114285714285714,0.0
CC(=O)O[C@H]1O[C@@H](n2ccc(=O)[nH]c2=O)[C@H](OC(C)=O)[C@@H]1OC(C)=O,0.17064083522676576,0.0,0.25425591767863187,0.0,0.7715071428571431,1.0,0.0,0.0,0.24816666666666665,0.0
CC(=O)O[C@H]1C[C@@H]2CC[C@@H]3[C@H](CC[C@@]4(C)[C@H]3C[C@H](N3CC[N+](C)(C)CC3)[C@@H]4OC(C)=O)[C@@]2(C)C[C@@H]1N1CC[N+](C)(C)CC1,0.16683552989594969,0.0,0.15646234040897666,0.0,0.065,0.0,0.008,0.0,0.01,0.0
CC(=O)Oc1cc2c(s1)CCN(C(C(=O)C1CC1)c1ccccc1F)C2,0.14631810452996435,0.0,0.2077447155131995,0.0,0.955,1.0,0.068,0.0,0.8906666666666666,1.0
CC(=O)Oc1ccc(C(c2ccc(OC(C)=O)cc2)c2ccccn2)cc1,0.07443476941972298,0.0,0.24690074950351348,0.0,0.04046666666666667,0.0,0.002,0.0,0.004,0.0
CC(=O)Oc1ccccc1C(=O)Nc1ncc([N+](=O)[O-])s1,0.9019328973806287,1.0,0.767920012096636,1.0,0.3743835497835498,0.0,0.0,0.0,0.08416666666666665,0.0
CC(=O)N=c1sc(S(N)(=O)=O)nn1C,0.21566508742821477,0.0,0.14829921767556295,0.0,0.6802444444444444,1.0,0.0,0.0,0.062,0.0
CC(=O)N[C@@H](CS)C(=O)O,0.5126027415974458,1.0,0.12119277043800074,0.0,0.02,0.0,0.0,0.0,0.014,0.0
CC(=O)N[C@H]1[C@H]([C@H](O)[C@H](O)CO)OC(C(=O)O)=C[C@@H]1NC(=N)N,0.31361791857174026,0.0,0.17340331101669784,0.0,0.15448095238095239,0.0,0.008,0.0,0.756,1.0
CC(=O)Nc1cccc(-n2c(=O)n(C3CC3)c(=O)c3c(Nc4ccc(I)cc4F)n(C)c(=O)c(C)c32)c1,0.19029548940824587,0.0,0.18967984141816113,0.0,0.9417666666666666,1.0,0.07,0.0,0.8984,1.0
CC(=O)Nc1c(I)c(C(=O)N[C@H]2C(O)O[C@H](CO)[C@@H](O)[C@@H]2O)c(I)c(N(C)C(C)=O)c1I,0.12035926271552756,0.0,0.19476930045396887,0.0,0.038857142857142854,0.0,0.012,0.0,0.2589666666666667,0.0
CC(=O)Nc1c(I)cc(I)c(C(=O)O)c1I,0.16332011894968868,0.0,0.24779106787636315,0.0,0.10540000000000001,0.0,0.004,0.0,0.1685,0.0
CC(=O)[C@H]1CC[C@H]2[C@@H]3CC[C@H]4C[C@H](O)CC[C@]4(C)C3CC[C@]12C,0.10336537590665978,0.0,0.15837456917299297,0.0,0.8147833333333334,1.0,0.0,0.0,0.012,0.0
CC(=O)c1c(C)c2cnc(Nc3ccc(N4CCNCC4)cn3)nc2n(C2CCCC2)c1=O,0.1780213019236438,0.0,0.05924884115539752,0.0,0.8634142857142856,1.0,0.246,0.0,0.028,0.0
CC(=O)c1ccc2c(c1)N(CCCN1CCC(CCO)CC1)c1ccccc1S2,0.13016708577103187,0.0,0.08918697871903036,0.0,0.948,1.0,0.224,0.0,0.044700000000000004,0.0
CC(CN(C)C)CN1c2ccccc2Sc2ccccc21,0.17597691320392672,0.0,0.13919462227569973,0.0,0.9593055555555555,1.0,0.27,0.0,0.102,0.0
CC(CN1c2ccccc2Sc2ccccc21)N(C)C,0.18709600282626784,0.0,0.09295107180681741,0.0,0.6734761904761906,1.0,0.134,0.0,0.03,0.0
CC(CNC1CCCCC1)OC(=O)c1ccccc1,0.09944513007032904,0.0,0.14964340374259724,0.0,0.18655714285714284,0.0,0.004,0.0,0.1303333333333333,0.0
CC(CCc1ccc(O)cc1)NCCc1ccc(O)c(O)c1,0.18727446717076485,0.0,0.1528214964005333,0.0,0.0,0.0,0.182,0.0,0.0086,0.0
CC(C[N+](C)(C)C)OC(N)=O,0.25966957410267366,0.0,0.2746035457197649,0.0,0.031,0.0,0.004,0.0,0.008,0.0
CC(Cc1ccc2c(c1)OCO2)NCC(O)c1ccc(O)c(O)c1,0.25700734300581535,0.0,0.22049386824480185,0.0,0.3093555555555556,0.0,0.02,0.0,0.0092,0.0
CC(C(=O)O)c1ccc(C(=O)c2cccs2)cc1,0.1136470122033193,0.0,0.3190279612251206,0.0,0.9526666666666667,1.0,0.002,0.0,0.05714285714285714,0.0
CC(C)=CCC[C@](C)(O)[C@@H]1CC=C(C)CC1,0.04232701431159661,0.0,0.1331701411345637,0.0,0.5348642857142857,1.0,0.002,0.0,0.008,0.0
CC(C)(CO)[C@@H](O)C(=O)NCCC(=O)NCCSSCCNC(=O)CCNC(=O)[C@H](O)C(C)(C)CO,0.06393092816765815,0.0,0.1605444344092639,0.0,0.4952500000000001,0.0,0.024,0.0,0.03,0.0
CC(C)(CO)c1cc2cc(NC(=O)C3(c4ccc5c(c4)OC(F)(F)O5)CC3)c(F)cc2n1C[C@@H](O)CO,0.1847821852961889,0.0,0.13631363604565075,0.0,0.7059452380952381,1.0,0.192,0.0,0.052,0.0
CC(C)(CCCCCC(O)CCCCCC(C)(C)C(=O)O)C(=O)O,0.06352857748190242,0.0,0.1095307102552683,0.0,0.44830000000000003,0.0,0.028,0.0,0.006,0.0
CC(C)(C)CC(C)(C)c1ccc(OCCOCC[N+](C)(C)Cc2ccccc2)cc1,0.05082965298260442,0.0,0.1087577903081616,0.0,0.3747,0.0,0.346,0.0,0.031009523809523817,0.0
CC(C)(C)NCC(O)COc1cccc2c1CCC(=O)N2,0.06882542788415837,0.0,0.18171572948050657,0.0,0.4719563492063494,0.0,0.008,0.0,0.731,1.0
CC(C)(C)NCC(O)c1ccc(O)c(CO)c1,0.11764731157238537,0.0,0.3445361649826438,0.0,0.02266666666666667,0.0,0.004,0.0,0.44605714285714293,0.0
CC(C)(C)NCC(O)c1ccc(O)c(CO)n1,0.07653716506469352,0.0,0.2832710419832559,0.0,0.13948412698412702,0.0,0.0,0.0,0.22503333333333328,0.0
CC(C)(C)NC[C@H](O)COc1ccccc1C1CCCC1,0.2846723810739301,0.0,0.7475458974130653,1.0,0.004,0.0,0.024,0.0,0.22955714285714285,0.0
CC(C)(C)NC[C@H](O)c1ccc(O)c(CO)c1,0.11764731157238537,0.0,0.3445361649826438,0.0,0.02266666666666667,0.0,0.004,0.0,0.44605714285714293,0.0
CC(C)(C)NC(=O)N[C@H](C(=O)N1C[C@H]2[C@@H]([C@H]1C(=O)NC(CC1CCC1)C(=O)C(N)=O)C2(C)C)C(C)(C)C,0.10925302561072064,0.0,0.11036326157639166,0.0,0.982,1.0,0.028,0.0,0.914,1.0
CC(C)(C)NC(=O)[C@H]1CC[C@H]2[C@@H]3CC[C@H]4NC(=O)C=C[C@]4(C)[C@H]3CC[C@]12C,0.08865981968204655,0.0,0.18740305581071395,0.0,0.6512285714285717,1.0,0.02,0.0,0.05,0.0
CC(C)(C)c1cc(-c2cc(-c3ccc(C(=O)O)cc3)ccc2OCCO)ccc1N1CCCC1,0.08463421251531877,0.0,0.09264409103894951,0.0,0.549342857142857,1.0,0.156,0.0,0.032,0.0
CC(C)(C)c1ccc(CN2CCN(C(c3ccccc3)c3ccc(Cl)cc3)CC2)cc1,0.052936287154238856,0.0,0.1532045255083173,0.0,0.04777142857142857,0.0,0.272,0.0,0.015,0.0
CC(C)(N)Cc1ccc(Cl)cc1,0.14275067356092963,0.0,0.3147793535858462,0.0,0.763,1.0,0.006,0.0,0.1657,0.0
CC(C)(N)Cc1ccccc1,0.13876624162566564,0.0,0.2622354665445549,0.0,0.6618833333333337,1.0,0.002,0.0,0.1264,0.0
CC(C)(NC(=O)C1=C(O)[C@@H]2Oc3c(O)ccc4c3[C@@]23CCN(CC2CC2)[C@H](C4)[C@]3(O)C1)c1nc(-c2ccccc2)no1,0.2610438827789604,0.0,0.04804638639418703,0.0,0.7181190476190475,1.0,0.226,0.0,0.04,0.0
CC(C)(O/N=C(\C(=O)N[C@@H]1C(=O)N2C(C(=O)[O-])=C(C[N+]3(CCNC(=O)c4ccc(O)c(O)c4Cl)CCCC3)CS[C@H]12)c1csc(N)n1)C(=O)O,0.14703894375048976,0.0,0.18461633461884097,0.0,0.7049809523809525,1.0,0.062,0.0,0.057095238095238095,0.0
CC(C)(O)CNc1nc(Nc2ccnc(C(F)(F)F)c2)nc(-c2cccc(C(F)(F)F)n2)n1,0.09251153750483063,0.0,0.15009348204900527,0.0,0.764447619047619,1.0,0.198,0.0,0.3196333333333333,0.0
CC(C)/N=c1\cc2n(-c3ccc(Cl)cc3)c3ccccc3nc-2cc1Nc1ccc(Cl)cc1,0.17695270590909537,0.0,0.11130879175998004,0.0,0.9245,1.0,0.122,0.0,0.2835,0.0
CC(C)C(=O)Nc1ccc([N+](=O)[O-])c(C(F)(F)F)c1,0.5326182319780496,1.0,0.5004612486622101,1.0,0.998,1.0,0.0,0.0,0.977,1.0
CC(C)C(=O)Oc1ccc(CO)cc1[C@H](CCN(C(C)C)C(C)C)c1ccccc1,0.08971894019677645,0.0,0.15287744438903603,0.0,0.01,0.0,0.098,0.0,0.03966666666666666,0.0
CC(C)CC(N(C)C)C1(c2ccc(Cl)cc2)CCC1,0.0795317015075498,0.0,0.2115006101397285,0.0,0.8767142857142857,1.0,0.074,0.0,0.8977333333333334,1.0
CC(C)CN(C[C@@H](O)[C@H](Cc1ccccc1)NC(=O)O[C@H]1CO[C@H]2OCC[C@H]21)S(=O)(=O)c1ccc(N)cc1,0.1398263044581639,0.0,0.28273975840657706,0.0,0.992,1.0,0.034,0.0,0.31566666666666665,0.0
CC(C)C[C@H](CN)CC(=O)O,0.13355672363404109,0.0,0.27327280949126587,0.0,0.7636666666666666,1.0,0.004,0.0,0.4838928571428572,0.0
CC(C)C[C@H](N)C(=O)O,0.15403466129206778,0.0,0.20462993052937575,0.0,0.21220000000000003,0.0,0.002,0.0,0.1511666666666667,0.0
CCOC(=O)[C@H]1[C@@H](OC(=O)c2ccccc2)C[C@@H]2CC[C@H]1N2C,0.15960793086178904,0.0,0.12759270140313814,0.0,0.6747761904761905,1.0,0.176,0.0,0.09326666666666665,0.0
Cc1noc(C=Cc2cccs2)c1S(=O)(=O)N1CCC(C(=O)NCCCN2CCC(C)CC2)CC1,0.12202008727240743,0.0,0.15684923532082476,0.0,0.6253984126984126,1.0,0.082,0.0,0.3645428571428571,0.0
O=C(NCc1ccc(OC(F)(F)F)cc1)C1c2ccccc2C(=O)N1CC(F)(F)c1ccccn1,0.1160384653177775,0.0,0.16030442897811756,0.0,0.7357761904761905,1.0,0.692,1.0,0.3142,0.0
CCOC(=O)C(N)c1ccc(C(=O)Nc2cc(-c3cccs3)ccc2N)cc1,0.4039755866084852,0.0,0.24546736859039417,0.0,0.6678333333333334,1.0,0.02,0.0,0.228,0.0
CCOC(=O)C1CCN(C(=N)c2ccc(C(=O)Nc3ccc(Cl)cc3C(=O)Nc3ccc(Cl)cn3)cc2)CC1,0.12251269275782353,0.0,0.15888666685873537,0.0,0.7900738095238095,1.0,0.854,1.0,0.232,0.0
CC(C)N1CCN(Cc2cnc(-c3cc(-c4cccc5[nH]ccc45)cc4[nH]ncc34)o2)CC1,0.14796636556932816,0.0,0.14222741941095315,0.0,0.6509761904761905,1.0,0.388,0.0,0.3144333333333334,0.0
OC1c2ccccc2CCC12CC[NH+](CCc1ccccc1)CC2,0.15196339728535244,0.0,0.16735163906929187,0.0,0.399897619047619,0.0,0.402,0.0,0.2050833333333333,0.0
CC1(C)Oc2ccc(Cl)cc2C2OCC3(CCN(CCn4ccnc4C#N)CC3)CC21,0.22492145330626548,0.0,0.1791693407538579,0.0,0.624411111111111,1.0,0.758,1.0,0.23388333333333333,0.0
CN(C)Cc1cc(OCCCCN2CCCCC2)ccc1Nc1ncnc2ccccc12,0.1972842160041301,0.0,0.1319518155350734,0.0,0.6674714285714286,1.0,0.392,0.0,0.4112,0.0
COC(=O)NC12CCC(n3cc(-c4ccc(Cl)c(N)c4)c4c(N)ncnc43)(CC1)CC2,0.1611932637143261,0.0,0.1599994573741636,0.0,0.7583857142857143,1.0,0.446,0.0,0.5547000000000001,1.0
COc1ccc(CNC(=O)C2(c3ccccc3)CCN(c3cc(N)ccn3)CC2)cc1,0.23360293535735338,0.0,0.08103888995107385,0.0,0.6404666666666666,1.0,0.448,0.0,0.2512,0.0
COc1ccc(-c2nnc(C(=O)N3CC(Oc4ccc(CN5CC(O)C(C)(C)C5)cc4)C3)o2)cc1,0.10044906081605307,0.0,0.1407781842490664,0.0,0.6805238095238095,1.0,0.046,0.0,0.3873333333333333,0.0
Cc1cc(F)ccc1Oc1cc(C(F)(F)F)ccc1C(=O)Nc1ccn(COP(=O)(O)O)c(=O)c1,0.12010782916634984,0.0,0.1696230598374456,0.0,0.7879238095238094,1.0,0.068,0.0,0.4303619047619048,0.0
COCCc1ccc(Cl)c(CN(C(=O)[C@H]2CNCC[C@@H]2c2ccc(OCCOc3c(Cl)cc(C)cc3Cl)nc2)C2CC2)c1,0.15679126259544798,0.0,0.21317028849880315,0.0,0.715283116883117,1.0,0.552,1.0,0.26026666666666665,0.0
C=CCn1cc(CN2CCC(C(=O)Nc3cccc(-c4cccc(Cl)c4)c3)CC2)c(C)n1,0.140216582818733,0.0,0.1289622792283864,0.0,0.6861666666666665,1.0,0.372,0.0,0.223,0.0
Nc1cncc(Nc2ccc(Oc3ccc(Cl)cc3)cc2)n1,0.44814928981355273,0.0,0.4544968751593592,0.0,0.7957666666666666,1.0,0.758,1.0,0.32180000000000003,0.0
O=c1n(CCCN2C3CCC2CC(COc2ccccc2F)C3)nc2ccccn12,0.19439756940513214,0.0,0.16942364917944538,0.0,0.782566666666667,1.0,0.606,1.0,0.4593333333333333,0.0
COc1nc(Nc2cccc3c2nc(-c2ccc(F)cc2)n3C)ccc1-n1cnc(C)c1,0.28306189707360163,0.0,0.1828750909283679,0.0,0.8107238095238095,1.0,0.594,1.0,0.35810000000000003,0.0
CC(Cc1c(F)c(F)cc(F)c1F)Nc1ccnc(O)c1-c1nc2cc3c(cc2[nH]1)CN(C1CCN(C)CC1)C3=O,0.09326341142958833,0.0,0.15834357285617132,0.0,0.7803380952380953,1.0,0.674,1.0,0.3285,0.0
COC(C)(C)c1ccc(N2CCC(Cc3ccccc3N3CCN(C)CC3)C2=O)cc1,0.10015452961292959,0.0,0.11294311393886826,0.0,0.6167,1.0,0.858,1.0,0.2883333333333334,0.0
CCOC(=O)C1C(C)=Nc2n[nH]cc2C1c1ccccc1Br,0.2548627310491755,0.0,0.2757454212512374,0.0,0.8150857142857144,1.0,0.054,0.0,0.2616,0.0
CCn1c(N2CCNCC2C)nc2c([N+](=O)[O-])c(Br)c(Br)cc21,0.830352011188038,1.0,0.451548303193601,0.0,0.7978365079365081,1.0,0.576,1.0,0.3511666666666666,0.0
OCC1C[C@]2(c3ccccc3)NC1CC[C@@H]2NCc1cc(OC(F)(F)F)ccc1OC1CC1,0.17408217022841146,0.0,0.24000852618360022,0.0,0.6469904761904761,1.0,0.638,1.0,0.28000952380952376,0.0
COc1ccc(Cn2c(N3CCC(N(C)C)CC3)nc3ccccc32)cc1,0.13576701346001813,0.0,0.1122549434066863,0.0,0.6390555555555557,1.0,0.53,1.0,0.3163333333333333,0.0
CC(CC(c1ccccc1)c1ccccc1)[N+]C(C)(C)C,0.14056873032740713,0.0,0.19480065159813637,0.0,0.428604761904762,0.0,0.484,0.0,0.17586666666666667,0.0
CCC1(c2cccc(C(N)=O)c2)C2CN(CC3(O)Cc4ccccc4C3)CC21,0.18353525335352244,0.0,0.16283294641388965,0.0,0.5647714285714286,1.0,0.18,0.0,0.21466666666666664,0.0
Cc1c(CN2CCOCC2)cc(-c2ccc(C(C)C)cc2)n1-c1ccc(F)cn1,0.07645619607363716,0.0,0.11307386539646447,0.0,0.6391476190476192,1.0,0.424,0.0,0.18466666666666665,0.0
CC1=C[C@@](CF)(c2cc(NC(=O)c3ccc(C#N)cn3)ccc2F)N=C(N)O1,0.13579435324450762,0.0,0.2209695249317998,0.0,0.8111936507936508,1.0,0.87,1.0,0.4002444444444444,0.0
Nc1ncnc2c1c(-c1ccc(Oc3ccccc3)cc1)cn2C1CCCC1,0.4794753157704873,0.0,0.22878667407786457,0.0,0.7912,1.0,0.24,0.0,0.53,1.0
COCCCc1cc(CN(C(=O)[C@H]2CN(C(=O)OCc3oc(=O)oc3C)CC[C@@H]2c2ccc(OCCOc3c(Cl)cc(C)cc3Cl)cc2)C2CC2)cc(OC[C@H]2C[C@@H]2C(=O)O)c1,0.09359645894071492,0.0,0.17600867173601872,0.0,0.6606370851370852,1.0,0.486,0.0,0.2735,0.0
CCN(CCCN1CCN(c2noc3cc(F)ccc23)CC1)S(=O)(=O)C(C)CO,0.25908939594366176,0.0,0.25496539265885265,0.0,0.674107142857143,1.0,0.268,0.0,0.4078333333333333,0.0
O=C1NC(C(=O)O)Cc2cn(cn2)CC=CCOc2ccc(Cl)c1c2,0.09508371161771886,0.0,0.2717127770426181,0.0,0.6497666666666666,1.0,0.022,0.0,0.4067,0.0
CC(C)(C)CCN1CCC(CNC(=O)c2cc(C(F)(F)F)cc(C(F)(F)F)c2)CC1,0.09653821699644621,0.0,0.13111988307192818,0.0,0.5213952380952381,1.0,0.57,1.0,0.20523333333333335,0.0
CCN1CCN(c2cc3[nH]c(SC4(C)CCC(c5nnn(C)n5)CC4)nc3cc2Cl)CC1,0.348136222858306,0.0,0.1975506261178604,0.0,0.7108309523809523,1.0,0.454,0.0,0.3020952380952381,0.0
CC(c1ncc[nH]1)c1cccc2ccccc12,0.6624579530081179,1.0,0.4937924670293775,0.0,0.7462,1.0,0.378,0.0,0.3271666666666666,0.0
O=C(CC1CCN(Cc2ccn(-c3ccc(C(F)(F)F)cn3)c2)CC1)NC(c1ccc(F)cc1)c1ccc(F)cc1,0.13586259391520195,0.0,0.11796861941453271,0.0,0.6343833333333332,1.0,0.756,1.0,0.2505,0.0
O=C(Nc1ccc([C@H]2CNCCO2)cc1)c1csc(-c2ccccc2)n1,0.1711702189685595,0.0,0.1947981529642222,0.0,0.7430500000000002,1.0,0.38,0.0,0.19303333333333333,0.0
CC(C)(C)c1nccn1Cc1cn(-c2ccc(Cl)cc2)nn1,0.22260191857340506,0.0,0.3011000622224704,0.0,0.7669666666666667,1.0,0.688,1.0,0.36819999999999997,0.0
CC(C(=O)N[C@]1(c2ccccc2)CC[C@@H]([NH+]2CCC3(CCOC3)CC2)CC1)c1cc(C(F)(F)F)cc(C(F)(F)F)c1,0.10925072717083571,0.0,0.12882436463938754,0.0,0.6117166666666667,1.0,0.966,1.0,0.12933333333333336,0.0
CN(C)C(=O)c1ccc(Oc2nc(-c3ccc(N)nc3)nc(N3CCOCC3)n2)cc1,0.11379374476430842,0.0,0.1737409304838408,0.0,0.7007642857142857,1.0,0.088,0.0,0.3499666666666667,0.0
COc1cnc2c(c1)c(C(=O)C(=O)Nc1ccnc(OC)c1)c(C)n2Cc1ccc(Cl)cc1Cl,0.19012534840736164,0.0,0.21231597214716405,0.0,0.8433190476190476,1.0,0.156,0.0,0.377,0.0
CC(=O)C1CCN(CCOc2ccn(-c3ccc(Cl)c(Cl)c3)n2)CC1,0.2928534840573418,0.0,0.17697112142236301,0.0,0.7554666666666666,1.0,0.332,0.0,0.33562857142857144,0.0
CCOC(=O)N1CCC(C)(Sc2nc3cc(Cl)c(N4CCN(CC)CC4)cc3[nH]2)CC1,0.18408113442988316,0.0,0.15826537143669625,0.0,0.71175670995671,1.0,0.448,0.0,0.2827,0.0
CC(C)CC1CC(C)(c2csc(NNC(=O)c3ccccc3)n2)OC1=O,0.15263791019970807,0.0,0.22633813589477736,0.0,0.7040690476190474,1.0,0.004,0.0,0.34986666666666666,0.0
C=C[C@H]1C[N+]2CC[C@H]1C[C@@H]2[C@@H](O)c1ccnc2ccc(OC)cc12,0.1355653175294193,0.0,0.14776139933620502,0.0,0.7373333333333333,1.0,0.328,0.0,0.60085,1.0
C(#Cc1ncn2c1COc1ccccc1-2)c1ccccc1,0.5053005775977278,1.0,0.29051022584174496,0.0,0.6618809523809526,1.0,0.02,0.0,0.32866666666666666,0.0
CCN1CCN(c2cc3[nH]c(SC4(C)CCC(c5nnnn5C)CC4)nc3cc2Cl)CC1,0.3604499564619387,0.0,0.18935252291512125,0.0,0.6695690476190478,1.0,0.372,0.0,0.3347619047619047,0.0
O=C(COc1ccc(Br)cc1CNC1CCCCC1)NCCc1ccccc1,0.12396881876385404,0.0,0.22127004258681426,0.0,0.6082445887445888,1.0,0.272,0.0,0.3088666666666666,0.0
CN1CCC(c2ccccc2CC2CCN(c3ccc(C4(O)CCCCC4)cc3)C2=O)CC1,0.13331143073548257,0.0,0.10044833030908161,0.0,0.522688888888889,1.0,0.756,1.0,0.24,0.0
CC(C)Cc1cc2c(NC3CCN(C(C)c4cccc(F)c4)CC3)ncnc2s1,0.22668519172463392,0.0,0.13834071549832475,0.0,0.6606452380952381,1.0,0.61,1.0,0.26083333333333336,0.0
C[N+]1CCCC1CCOC(C)(c1ccccc1)c1ccc(Cl)cc1,0.07798793778811278,0.0,0.21955991710294268,0.0,0.25911666666666666,0.0,0.668,1.0,0.09983333333333334,0.0
C/C(=N/O)c1cnc(NC(=O)[C@H](CC2CCCC2)c2ccc(S(C)(=O)=O)c(Cl)c2)cn1,0.30373104084206365,0.0,0.2925102149851773,0.0,0.7921833333333334,1.0,0.136,0.0,0.43092857142857144,0.0
CCOc1ccccc1NC(=O)C(NCC1(N2CCCCC2)CCCCC1)c1ccccc1,0.06698999706752921,0.0,0.10472084940681607,0.0,0.5283285714285714,1.0,0.252,0.0,0.15713333333333335,0.0
CC(C)(C)c1ccc(NC(=O)N2CCN(c3ncccc3Cl)CC2)cc1,0.0680142662049163,0.0,0.16273316777435817,0.0,0.6387095238095237,1.0,0.116,0.0,0.267,0.0
Cc1[nH]c2ccccc2c1CC1CCCCN1Cc1ccc(/C=C/C(=O)NO)cc1,0.4536236832248435,0.0,0.20143460304032487,0.0,0.6434619047619048,1.0,0.182,0.0,0.2663666666666667,0.0
COc1cc(F)ccc1-n1cc(Cn2ccnc2C2CC2)nn1,0.4076957333949418,0.0,0.4176530868753229,0.0,0.7343666666666667,1.0,0.664,1.0,0.39926190476190476,0.0
CC(=O)Nc1cc(-c2cc3c(-c4cccc(C(F)F)n4)nccc3[nH]2)ccn1,0.48753994493805164,0.0,0.30043857490037235,0.0,0.784547619047619,1.0,0.436,0.0,0.33820476190476195,0.0
O=C(COCCc1cn[nH]n1)N1Cc2cnc(NC3Cc4ccccc4C3)nc2C1,0.2726687152935155,0.0,0.2756702777932241,0.0,0.7570142857142858,1.0,0.34,0.0,0.39673333333333327,0.0
Fc1ccc2c(C3CNCC[C@H]3F)c(C3CCCCC3)[nH]c2c1,0.30640402959462143,0.0,0.2456359796737882,0.0,0.6745220779220777,1.0,0.84,1.0,0.29672222222222217,0.0
CN(C)c1ccc(-c2cc3nccnc3c(=NCC3CNCCC3(F)F)[nH]2)cn1,0.35714788858469243,0.0,0.2304214406177154,0.0,0.7342333333333331,1.0,0.418,0.0,0.44626666666666664,0.0
Cc1cnn(C2CCN(c3nc4ccccc4n3Cc3ccc(F)cc3)CC2)c1,0.18947999993287915,0.0,0.16040461029790193,0.0,0.6827666666666666,1.0,0.622,1.0,0.30466666666666664,0.0
O=C(N=NCc1cccc([N+](=O)[O-])c1)C1CC(=O)N(c2ccc(Cl)cc2)C1,0.7540744376427068,1.0,0.5176472369236916,1.0,0.8474333333333333,1.0,0.012,0.0,0.4895030303030303,0.0
OCCOCCN1CCN([C@H](c2ccccc2)c2ccc(Cl)cc2)CC1,0.054359873046066286,0.0,0.11205394950739991,0.0,0.106,0.0,0.12,0.0,0.019,0.0
CC(c1c[nH]cn1)c1cccc2ccccc12,0.6661576024463933,1.0,0.463556249444432,0.0,0.7225571428571428,1.0,0.12,0.0,0.1998333333333333,0.0
O=S(=O)(c1ccccc1)c1nc(-c2cccs2)oc1NCCCn1ccnc1,0.14895899090135162,0.0,0.2251565212975197,0.0,0.7944714285714285,1.0,0.018,0.0,0.4230857142857143,0.0
C=CC(=O)Nc1cccc(Nc2ncnc(N)c2-c2ccc(Oc3ccccc3)cc2)c1,0.27972491078629214,0.0,0.24856627342844642,0.0,0.8039428571428572,1.0,0.068,0.0,0.3830857142857143,0.0
COc1ccc2ncc(F)c(CCC3OCC(NCc4ccc(Cl)c(Cl)c4)CO3)c2n1,0.22454062346386933,0.0,0.22949999219224695,0.0,0.7541928571428571,1.0,0.594,1.0,0.285,0.0
Cc1ccc(CCCCN2CCC(C(O)c3ccccc3)CC2)cc1,0.07273366225173852,0.0,0.08754489880297349,0.0,0.25320000000000004,0.0,0.6,1.0,0.1501666666666667,0.0
CCCOCCn1c(=O)c(NCCNCCO)nc2cnc(-c3ccc(OC)nc3)cc21,0.20649067734857973,0.0,0.1923724131914943,0.0,0.7546121212121213,1.0,0.182,0.0,0.42033333333333334,0.0
Cc1nnc2c3cc(C4CCCCC4)c(C4CCCCC4)cc3n(CCCN)c(O)c1-2,0.2610719815822531,0.0,0.19293622764488372,0.0,0.70125,1.0,0.234,0.0,0.268,0.0
CN(C(=O)N1CCC(N2CCC(Oc3ccc(Cl)c(Cl)c3)CC2)CC1)S(=O)(=O)c1ccccc1,0.1448955248784142,0.0,0.22479265473598475,0.0,0.7485238095238094,1.0,0.204,0.0,0.24742857142857144,0.0
O=C1CCc2cccnc2N1CCCN1CCC(n2c(O)nc3ccccc32)CC1,0.10927856697017052,0.0,0.0664534710945232,0.0,0.6885302197802198,1.0,0.388,0.0,0.406,0.0
CCOC(=O)c1nc2cc3n(c(CC(C)C)c-2c1C)CC(C)=C3C,0.3463605757851576,0.0,0.27594113443575213,0.0,0.5568349206349207,1.0,0.034,0.0,0.18575714285714287,0.0
COCCOc1cc(NC(=O)N2CCCc3cc(CN(C)C(=O)CN(C)C)c(C=O)nc32)ncc1C#N,0.12833021778540582,0.0,0.1435955337128664,0.0,0.6733619047619048,1.0,0.248,0.0,0.377,0.0
Cc1nn(-c2cccc3[nH]c(-c4cccc5c4ccn5C)nc23)cc1CN(C)C,0.4857021217851092,0.0,0.2446871546327169,0.0,0.7131952380952381,1.0,0.052,0.0,0.4937904761904762,0.0
OCC1([NH2+]CCCC2CCc3ccc(OCc4noc(-c5ccc(Cl)cc5)n4)cc32)CCCC1,0.2333591134840976,0.0,0.1915048072345401,0.0,0.6856904761904761,1.0,0.708,1.0,0.269,0.0
NCCCC(=O)OCCN1CCN(c2cccc3c2ccn3S(=O)(=O)c2ccccc2)CC1,0.14423162232247932,0.0,0.17249942012060332,0.0,0.8051,1.0,0.152,0.0,0.3228333333333333,0.0
CC1=NC(C)=C(C(=O)OC(C)C)C(c2ccc(Br)s2)C1C(=O)OC(C)C,0.15506189362384368,0.0,0.2047907493277189,0.0,0.7205833333333332,1.0,0.096,0.0,0.3138333333333333,0.0
N#Cc1ccc2cc1Oc1ccc3c(c1)[C@@H](CC3)N1CC[C@H](NCc3cncn3C2)C1=O,0.2050688189625041,0.0,0.14540630222035347,0.0,0.6657404761904762,1.0,0.584,1.0,0.3155333333333333,0.0
C[C@H](C1=C(CCN(C)C)Cc2ccccc21)c1cnccn1,0.13320476372188486,0.0,0.22206401164182696,0.0,0.5595333333333333,1.0,0.804,1.0,0.15435238095238096,0.0
Cc1nsc(-c2nnc3n2CCN(C(=O)c2ccc(-c4ccc[nH]4)cc2)[C@@H]3C)n1,0.2367018986437091,0.0,0.22232178313668366,0.0,0.7732523809523809,1.0,0.4,0.0,0.3001666666666667,0.0
CCOC(=O)c1c(NC(=O)CSc2nnnn2-c2ccccc2OCC)sc2c1CC(C)(C)NC2(C)C,0.2720472259591674,0.0,0.19328555449573728,0.0,0.7162619047619047,1.0,0.014,0.0,0.41383333333333333,0.0
N#Cc1ccc(OCC(O)CN2CC3CN(CCNS(=O)(=O)Cc4ccccc4)CC(C2)O3)cc1,0.16860467726824369,0.0,0.1910452134726767,0.0,0.714147619047619,1.0,0.058,0.0,0.23853333333333332,0.0
NCc1ccc(-n2cc(-c3ccc4cc[nH]c4c3)c(C(F)(F)F)n2)cc1,0.33670046969456313,0.0,0.2972583155380904,0.0,0.8013404761904762,1.0,0.19,0.0,0.31866666666666665,0.0
Clc1ccc2c(c1)CCc1cccnc1C2=C1CC[N+]CC1,0.21448803514076187,0.0,0.20885729009884568,0.0,0.8225333333333334,1.0,0.148,0.0,0.1015,0.0
CC(C)COC[C@@H](CN(Cc1ccccc1)c1ccccc1)[NH+]1CCCC1,0.11391667723036186,0.0,0.2840804995679588,0.0,0.7059333333333332,1.0,0.452,0.0,0.219,0.0
O=C(Cc1ccc(OCCC2CC2C2CCN(c3ncc(Cl)cn3)CC2)cc1F)N1CCCCC1,0.09981446708652056,0.0,0.15298596541100262,0.0,0.7426619047619049,1.0,0.606,1.0,0.2672,0.0
NCC1CC1c1cc(Cl)ccc1OCCF,0.17382631060878254,0.0,0.44101295398702034,0.0,0.7222476190476192,1.0,0.244,0.0,0.1778190476190476,0.0
Cn1c(SCCCN2CC3CCN(c4ccc(C(F)(F)F)cc4)C3C2)nnc1N1CCOCC1,0.2162044204931395,0.0,0.16868426998259928,0.0,0.6824833333333333,1.0,0.618,1.0,0.2618333333333333,0.0
CC(=O)Nc1ccc(NC(=S)NC(=O)c2ccc(C(C)(C)C)cc2)cc1,0.06428908428800459,0.0,0.22853548365250764,0.0,0.6972095238095237,1.0,0.0,0.0,0.29923333333333335,0.0
CC(=O)NC1CC2CCC(C1)N2CCc1ccc(Oc2nc3ncccc3s2)cc1,0.17568044501169128,0.0,0.10417802168012844,0.0,0.7459595238095237,1.0,0.288,0.0,0.30650000000000005,0.0
O=C1CCc2cc(-c3ccc(F)c(F)c3)ccc2N1CCO,0.1407435388099775,0.0,0.13514640203537415,0.0,0.7569,1.0,0.034,0.0,0.3273666666666667,0.0
Cc1nnc(C)n1C1CC2CCC(C1)N2CCC(NC(=O)CCC(F)(F)F)c1ccccc1,0.14051595904420605,0.0,0.1038169216925028,0.0,0.8845833333333335,1.0,0.432,0.0,0.2738333333333334,0.0
CN1CCCC1CCN1CCCc2cc(NC(=N)c3cccs3)ccc21,0.2133354968923314,0.0,0.09508936971082953,0.0,0.5904071428571428,1.0,0.268,0.0,0.2901666666666667,0.0
O=C1c2nc3cccc(C4CC5CCC4C5)c3n2CCN1CC(F)(F)F,0.10031728008331972,0.0,0.11288126907344885,0.0,0.6055222222222223,1.0,0.392,0.0,0.27802380952380945,0.0
O=c1ccc2c([nH]1)CCC(NCCCCNc1c3c(nc4cc(Cl)ccc14)CCCC3)C2,0.30038877382569507,0.0,0.23952778094953697,0.0,0.734007142857143,1.0,0.378,0.0,0.2182666666666667,0.0
CC(Oc1ccc(Cl)cc1Cl)C(=O)OCC(=O)C1C(=N)N(C)C(=O)N(C)C1=O,0.09304195307067882,0.0,0.1837860929625622,0.0,0.7572904761904764,1.0,0.116,0.0,0.3648333333333334,0.0
CC(C)(C)OC(=O)Nc1ccc(Cl)c(C(=O)Nc2ncc(-c3cc(-c4ccccc4)no3)cc2F)c1,0.0852920101973769,0.0,0.1656849655296411,0.0,0.8394333333333333,1.0,0.494,0.0,0.364,0.0
Cc1cc(C)cc(N(CC(=O)N/N=C/c2ccncc2)S(=O)(=O)c2ccccc2)c1,0.12431183865477427,0.0,0.434381988242122,0.0,0.6841333333333334,1.0,0.044,0.0,0.403,0.0
CCOC(=O)C1(CCOc2ccccc2)CCN(C(=O)c2cncs2)CC1,0.07851376468431777,0.0,0.11367253137703355,0.0,0.6132666666666666,1.0,0.034,0.0,0.199,0.0
CC(C)(C)C(=O)CN1CCC(CNC(=O)c2cc(Cl)cc(Cl)c2)CC1,0.07839985029402056,0.0,0.20885897303321477,0.0,0.6895261904761905,1.0,0.292,0.0,0.22223333333333334,0.0
COc1cc(-c2cn(Cc3ccc(-c4noc(C)n4)cc3)nn2)ccc1-n1cnc(C)c1,0.3403367067913235,0.0,0.2840895765816207,0.0,0.7061952380952381,1.0,0.274,0.0,0.4410333333333333,0.0
CN=c1[nH]c2ccccc2n1-c1nc(N2CCOCC2C)cc(C2(S(C)(=O)=O)CC2)n1,0.3491925387939133,0.0,0.23963774604307922,0.0,0.6653047619047621,1.0,0.058,0.0,0.4654,0.0
CN1C[C@H]2CCN(c3ccc(-c4ccc(C#N)cc4)cc3)[C@H]2C1,0.4841848021725889,0.0,0.07714299589076117,0.0,0.7403666666666667,1.0,0.366,0.0,0.3016666666666667,0.0
COc1ccc(CC(=O)N2CCC3(CC2)CN(C2CCc4cc(-c5ncccn5)ccc42)C3)cc1,0.09623654757220418,0.0,0.13107364442357122,0.0,0.5801666666666667,1.0,0.368,0.0,0.313,0.0
CCC[NH+]1C[C@H](CSC)C[C@H]2c3cccc4c3[C@H](C=N4)C[C@H]21,0.3567996150738004,0.0,0.20395269062493696,0.0,0.4316904761904761,0.0,0.454,0.0,0.31519047619047613,0.0
COc1ccc(S(=O)(=O)n2ccc3ccccc32)cc1NC1CCN(C)CC1,0.2920315263947184,0.0,0.2034652155516762,0.0,0.787204761904762,1.0,0.174,0.0,0.3308666666666667,0.0
CCN(C(=O)Cc1ccc(S(C)(=O)=O)cc1)C1CCN(CCC(c2ccccc2)N2CCN(c3cccc(F)c3)CC2)CC1,0.10159167034279284,0.0,0.1566157486185414,0.0,0.728130303030303,1.0,0.518,1.0,0.3519999999999999,0.0
Cc1oc(-c2cccc(F)c2)nc1CN1CCCCC1CCc1ccccn1,0.1023887040413746,0.0,0.11867297392979008,0.0,0.6022952380952381,1.0,0.22,0.0,0.24033333333333332,0.0
CCC(=O)O[C@@](Cc1ccccc1)(c1ccccc1)[C@H](C)CNC,0.08668787561372404,0.0,0.25287250711284753,0.0,0.6633000000000001,1.0,0.326,0.0,0.11583333333333334,0.0
N#Cc1c[nH]c2c(C(=O)N3CCN(CCc4ccc(F)cc4F)CC3)cccc12,0.3174379986565644,0.0,0.14681751451024613,0.0,0.7731999999999998,1.0,0.316,0.0,0.25083333333333335,0.0
NC(N=NCc1ccc(Cl)cc1)=NN=Cc1ccc(Cl)cc1,0.2884661705451671,0.0,0.4031335418905518,0.0,0.6978,1.0,0.016,0.0,0.437,0.0
C[C@H]([C@H](O)c1ccc2c(c1)CN(C)C(=O)N2)N1CCC(O)(c2ccc(F)cc2)CC1,0.0674017485251712,0.0,0.15584270883218804,0.0,0.7105363636363637,1.0,0.65,1.0,0.3278333333333333,0.0
COc1ccc2c(c1)CC(Nc1cc(C)nc3nc(C(C)(F)F)nn13)CC2,0.1737298926475982,0.0,0.2844916581174488,0.0,0.7719,1.0,0.49,0.0,0.3960000000000001,0.0
CCOC(=O)COc1ccc(N)cc1CC(NC(C)=O)(C(=O)OCC)C(=O)OCC,0.18679462679370734,0.0,0.2064081220910444,0.0,0.5666928571428573,1.0,0.004,0.0,0.2432,0.0
CCCN1C(=N)C(C(=O)COC(=O)CNC(=O)c2ccc(C)c(C)c2)C(=O)N(C)C1=O,0.13999672584475356,0.0,0.19564616777365645,0.0,0.6700999999999999,1.0,0.162,0.0,0.3887,0.0
COc1ccccc1C1CCN(Cc2ccc3ccccc3c2)CC1,0.22340232886014694,0.0,0.20533966307000048,0.0,0.5062142857142857,1.0,0.268,0.0,0.2793333333333333,0.0
O=C1NC(=O)C(c2nn(CCC[NH+]3CCCC3)c3ccccc23)=C1c1cn(-c2ccc3ccccc3c2)c2ccccc12,0.41759303689722893,0.0,0.17453534228381282,0.0,0.8333666666666667,1.0,0.554,1.0,0.3955,0.0
CCN(CCN1CCC(c2noc3cc(F)c(C)cc23)CC1)C(=O)[C@H](C)O,0.17001200192533472,0.0,0.2858147663630375,0.0,0.6286142857142857,1.0,0.482,0.0,0.3902,0.0
O=C(CN1C[C@H]2C[C@H](Oc3ccccc3)C[C@@]2(O)C1)c1ccc2[nH]c(=O)ccc2c1,0.1541158967040271,0.0,0.12715052673503682,0.0,0.5249595238095238,1.0,0.17,0.0,0.2824,0.0
N#Cc1cccc(Oc2cc(C(F)(F)F)nc(N3CCC4(CC3)CNCCO4)n2)c1,0.16132299085448765,0.0,0.16170337649430558,0.0,0.7499095238095239,1.0,0.872,1.0,0.28983333333333333,0.0
COCC(=O)Nc1cc(Sc2ccccc2)ccc1N=C(NC(=O)OC)NC(=O)OC,0.17857704450070855,0.0,0.2330856415124613,0.0,0.7122666666666666,1.0,0.004,0.0,0.3273333333333333,0.0
CC1CCCC(C)N1Cc1ccc2c(c1)CCC(N1CCN(CCc3ccc(F)cc3)CC1=O)C2,0.13914243522733816,0.0,0.10655461341161654,0.0,0.6273126984126985,1.0,0.796,1.0,0.3284666666666667,0.0
COc1cc(CCNc2nc(C#Cc3ccccc3)nc3c2ncn3[C@H]2[C@H](O)[C@H](O)[C@@H]3C[C@@H]32)ccc1O,0.6809739143587267,1.0,0.22809134073850185,0.0,0.6520333333333335,1.0,0.146,0.0,0.4783,0.0
CCCCCCOc1nsnc1C1=CCN(C)CC1,0.21711947086572886,0.0,0.26966067534256694,0.0,0.8119857142857143,1.0,0.502,1.0,0.23533333333333334,0.0
Cc1nn(C)cc1C(C(=O)NC1CCCCC1)N(C(=O)c1cnccn1)c1ccc(Oc2ccccc2)cc1,0.12628160247081316,0.0,0.2264479582598678,0.0,0.811190476190476,1.0,0.052,0.0,0.35766666666666663,0.0
c1cnc2c(N3CCN(CCCc4ccc(OCCCN5CCCCCC5)cc4)CC3)cccc2c1,0.19880547287171862,0.0,0.12857617918767544,0.0,0.5434952380952381,1.0,0.418,0.0,0.20066666666666666,0.0
C[NH+]1CCCC[C@@H]1CCN1c2ccccc2Sc2ccc([S+](C)[O-])cc21,0.2193388438891492,0.0,0.19099702121650072,0.0,0.7872714285714287,1.0,0.792,1.0,0.21113333333333334,0.0
O=C(CN1CCN(Cc2ccn(-c3ccc(C(F)(F)F)cn3)c2)CC1)NC(c1ccc(F)cc1)c1ccc(F)cc1,0.10471635110136025,0.0,0.12226344110981976,0.0,0.7476166666666666,1.0,0.48,0.0,0.2665,0.0
Brc1cnc(NCC2CC2)nc1,0.2180388054723368,0.0,0.42359243771551375,0.0,0.6706428571428571,1.0,0.014,0.0,0.14776666666666669,0.0
Cc1cc(Nc2cc(NC3CCCCC3N)cnc2C(N)=O)nc(C)c1-c1cnn(C)c1,0.11554756190888123,0.0,0.2329152338708502,0.0,0.7942999999999999,1.0,0.608,1.0,0.428,0.0
CS(=O)(=O)Nc1ccc(CCN(CCOc2ccc(NS(C)(=O)=O)cc2)C(=O)c2ccc3c(c2)C(=O)OC32c3ccc(O)cc3Oc3cc(O)ccc32)cc1,0.22436858245615932,0.0,0.24993368989804798,0.0,0.6471388888888889,1.0,0.238,0.0,0.407,0.0
N#Cc1ccc(-c2ccc(-c3nc4ccc(C(F)(F)F)cc4[nH]3)cc2)cc1,0.35183321731677775,0.0,0.39747095261501103,0.0,0.7350214285714285,1.0,0.322,0.0,0.16990588235294118,0.0
COc1ccc(C2CC(=O)CC(=NCCC(C)C)C2)cc1,0.19200372919683997,0.0,0.2936113197735113,0.0,0.5574595238095237,1.0,0.192,0.0,0.17526666666666665,0.0
COc1cccc(-c2ccc(C#Cc3cccc(C#Cc4ccc(-c5cccc(OC)c5)cc4)[n+]3C)cc2)c1,0.25821430751753055,0.0,0.27824303545939877,0.0,0.5881166666666665,1.0,0.524,1.0,0.23235000000000003,0.0
COc1cccc2c1C(C(=O)NCc1ccc(OC(F)(F)F)cc1)N(CCc1ccccn1)C2=O,0.11682379423426492,0.0,0.12974047129012545,0.0,0.8262190476190476,1.0,0.542,1.0,0.35379999999999995,0.0
Cc1cc(C#Cc2ccccc2)cnc1NC(=O)c1cc(C(=O)NC(C)(C)CO)ccc1Cl,0.06528716762637218,0.0,0.19134441642009828,0.0,0.7528738095238096,1.0,0.502,1.0,0.2308,0.0
Cc1c(-c2ccc3cc(CCN4CCCC4C)ccc3n2)cnn1-c1ccc(Cl)c(Cl)c1,0.21506066409570027,0.0,0.20377015064900517,0.0,0.6158,1.0,0.694,1.0,0.32886666666666664,0.0
CC(C)(Cc1ccccc1)NC1=NCCN=C(c2ccccc2F)C1,0.1027219345557742,0.0,0.2222151865659315,0.0,0.7125238095238094,1.0,0.542,1.0,0.3376,0.0
CCCCCCCN(CC)CC=CCCc1ccc(Cl)cc1,0.11556725285239662,0.0,0.25976702631880666,0.0,0.5896285714285714,1.0,0.898,1.0,0.32280000000000003,0.0
COc1ccc2cc(-c3cc(-c4cc(Cl)ccc4Cl)nn3[C@@H](C)c3ccc(C(=O)NCCC(=O)O)cc3)ccc2c1,0.12087756083805612,0.0,0.14700319518920277,0.0,0.7387238095238096,1.0,0.176,0.0,0.4201666666666667,0.0
Cc1ccc2c(-c3ccccc3[C@@H](N)Cc3ccccn3)noc2c1,0.4715991250335496,0.0,0.41359176034326134,0.0,0.8208000000000001,1.0,0.802,1.0,0.23536666666666667,0.0
CCCCn1ccc(-c2ccc(Oc3ccnc(C)c3)cc2)c(C#N)c1=O,0.29966790890178663,0.0,0.15869589600975748,0.0,0.7728679653679651,1.0,0.48,0.0,0.2808,0.0
COc1ccc(C2=CC3(CCNCC3)Oc3ccccc32)cc1,0.17393114602047138,0.0,0.2579194351469782,0.0,0.5508833333333334,1.0,0.74,1.0,0.18516666666666665,0.0
CCc1c(C2CCN(CCCSc3ccc(F)cc3)CC2)c2ccc(F)cc2n1-c1ccc(-c2nnn[nH]2)cc1,0.363679788042771,0.0,0.2067136335958084,0.0,0.700852380952381,1.0,0.43,0.0,0.33333333333333337,0.0
Fc1cc(C(CC2CNC2)Oc2ccccc2F)ccc1Cl,0.14791754013504493,0.0,0.3327933459126231,0.0,0.6632738095238095,1.0,0.7,1.0,0.2263,0.0
CCNC(=O)Nc1cc2c(-c3ccncc3)ccc(CNC(=O)OC(C)C)c2cn1,0.24127440162040337,0.0,0.24109176038256402,0.0,0.7363,1.0,0.344,0.0,0.27229523809523803,0.0
Cc1ccc(COCc2cccc(COCc3ccc(C)cc3)[n+]2C)cc1,0.1508845151484957,0.0,0.18854888731588235,0.0,0.4086166666666667,0.0,0.59,1.0,0.21106666666666665,0.0
CC1CCC(Nc2ncc(C(N)=O)c3sc(-c4ccccc4)cc23)CN1,0.3348575486413448,0.0,0.14814275932078477,0.0,0.7352444444444444,1.0,0.528,1.0,0.22096666666666667,0.0
CCOC(=O)C1=C[C@]2(CC)CCC[NH+]3CCc4c(n1c1ccccc41)[C@H]32,0.194125051287,0.0,0.1274382067995466,0.0,0.4782,0.0,0.37,0.0,0.173,0.0
O=C(c1cccc2c1OC(c1ccc(-c3ccccc3)cc1)CC2)N1CCCC1,0.08583093681738331,0.0,0.1375672511782175,0.0,0.6054428571428572,1.0,0.088,0.0,0.2724,0.0
O=S(=O)(NC[C@H]1CCC[C@H]1[C@H](O)CCc1ccccc1)c1ccc(OC(F)(F)F)cc1,0.11513238124296597,0.0,0.20630050242453357,0.0,0.7091047619047619,1.0,0.272,0.0,0.2832,0.0
CCCCCCC[N+](CC)(CC)CC#Cc1ccc(Cl)cc1,0.09330279805669194,0.0,0.2801726021027923,0.0,0.4687952380952381,0.0,0.804,1.0,0.12966666666666665,0.0
O=C(NC1CCN(C2CCc3c2ccc2c3OCO2)CC1)c1cc(=O)c2cc(F)ccc2o1,0.30602850101936385,0.0,0.13737776203204674,0.0,0.7775095238095237,1.0,0.248,0.0,0.32733333333333337,0.0
c1ccc2c(NCCc3c[nH]c4ccccc34)c3ccccc3nc2c1,0.6467012532980791,1.0,0.33257214161882154,0.0,0.6146761904761905,1.0,0.33,0.0,0.14533333333333334,0.0
CCCCN(CC)CCCNC(=O)C1c2ccccc2C(=O)N(C)C1c1cn(C)c2ccccc12,0.29317187239222775,0.0,0.17441179208630184,0.0,0.6698166666666667,1.0,0.158,0.0,0.36066666666666664,0.0
CC(C)OC(=O)c1ccc(NC(=O)N[C@@H](Cc2ccc(O)cc2)C(=O)N[C@H]2CCC[N+](C)(Cc3cccc(O)c3)C2)cc1,0.09606876419716837,0.0,0.14328335076217905,0.0,0.5163738095238095,1.0,0.07,0.0,0.3256,0.0
Cc1nc2cc(-c3cccc(F)c3)nn2c(C)c1CCC(=O)NC(C)CCc1ccco1,0.2885084651306322,0.0,0.2116702267802573,0.0,0.7528833333333333,1.0,0.072,0.0,0.3,0.0
CCNc1ccc(Cc2ccc(OCC(=O)O)cc2)cc1C(C)C,0.15352509076307677,0.0,0.22889982774108292,0.0,0.5574142857142858,1.0,0.016,0.0,0.19333333333333333,0.0
COc1c(O)c(C(C)=O)c(OCc2ccc(Cl)cc2)c2ccoc12,0.23267267753209203,0.0,0.29308818962364236,0.0,0.7100380952380954,1.0,0.194,0.0,0.11316666666666667,0.0
CN(C)Cc1ccc(-n2cc(-c3ccc4cc[nH]c4c3)c3c(Cl)ccnc32)cc1,0.32100209733721363,0.0,0.2781272603160522,0.0,0.6468761904761906,1.0,0.238,0.0,0.3335333333333333,0.0
O=C(c1ccc(F)cc1)C1CCN(CCn2c(=S)[nH]c3ccccc3c2=O)CC1,0.13679841631489087,0.0,0.058628891871835356,0.0,0.6678309523809524,1.0,0.192,0.0,0.3065,0.0
O=[N+]([O-])c1ccc(CCN2CCNCC2)cc1,0.7891880333256243,1.0,0.6393271789083899,1.0,0.7192071428571429,1.0,0.048,0.0,0.26393333333333335,0.0
COc1ccc2ncc(F)c(CC[C@H]3OC[C@H](NCc4ccc(Cl)c(Cl)c4)CO3)c2n1,0.22454062346386933,0.0,0.22949999219224695,0.0,0.7541928571428571,1.0,0.594,1.0,0.285,0.0
Clc1ccc(OC(c2ccc3ccccc3c2)C2CNC2)cc1Cl,0.32036766817957385,0.0,0.3972862845267283,0.0,0.6700999999999999,1.0,0.406,0.0,0.3355,0.0
CN1C(=CC=CC2=[N+](C)c3ccc4ccccc4c3C2(C)C)C(C)(C)c2ccccc21,0.22809572119095983,0.0,0.1851286514776463,0.0,0.5827976190476191,1.0,0.274,0.0,0.301,0.0
NC(=O)c1ccc(-c2cc(C(=O)O)cc(-n3cc(-c4ccc(C(F)(F)F)cc4)nn3)c2)cc1,0.1868345108586429,0.0,0.23007780844205983,0.0,0.8195976190476191,1.0,0.262,0.0,0.39866666666666667,0.0
CCN(CC)CC(O)CN(c1ccccc1)S(=O)(=O)c1ccc2ccccc2c1,0.336967267206,0.0,0.36771184333724133,0.0,0.6502007936507936,1.0,0.084,0.0,0.28693333333333326,0.0
c1cnc2c(N3CCN(CCCCc4ccc(OCCCN5CCCCCC5)cc4)CC3)cccc2c1,0.20612665292508175,0.0,0.11600253577682275,0.0,0.5206619047619047,1.0,0.378,0.0,0.2086666666666667,0.0
NCCCCN(Cc1nc2ccccc2[nH]1)[C@H]1CCCc2cccnc21,0.30951377865569385,0.0,0.24479179840202353,0.0,0.557,1.0,0.378,0.0,0.2546833333333333,0.0
O=C([C@@H]1C[C@@H](Oc2cccc(F)c2)CN1)N1CCCN(C2CCC2)CC1,0.15327564900799923,0.0,0.1685834358885591,0.0,0.6920999999999999,1.0,0.318,0.0,0.2,0.0
FC(F)(F)c1ccc2[nH]c(-c3ccc(-c4cccnc4)cc3)nc2c1,0.27318445375791267,0.0,0.44381364806700874,0.0,0.7438666666666667,1.0,0.288,0.0,0.15370588235294116,0.0
O=C1c2cc(-c3ccc(OC(F)(F)F)cc3)ccc2OCCN1Cc1ncccn1,0.20287571018852224,0.0,0.1171089220438282,0.0,0.7616666666666667,1.0,0.258,0.0,0.3099333333333334,0.0
Nc1cc(CN2CCC(F)(C(=O)N3CCC(N4Cc5ccccc5Cc5ccccc54)CC3)CC2)ccn1,0.1343496820267152,0.0,0.1154952002452119,0.0,0.6833555555555555,1.0,0.286,0.0,0.3462,0.0
CCCC(CCO)N=c1[nH]c(=N)[nH]c2cccc(F)c12,0.36079006581821804,0.0,0.2981450971004075,0.0,0.6244952380952382,1.0,0.604,1.0,0.3995,0.0
O=c1c2ccccc2nc(-c2ccccc2)n1-c1ccc(OCCC[NH+]2CCCC2)cc1,0.22365246495760935,0.0,0.09051622539453398,0.0,0.7363,1.0,0.646,1.0,0.2426666666666667,0.0
CCCCN1C(=O)C(=O)N(CC(=O)N2N=C3C(=Cc4ccco4)CCCC3C2c2ccco2)C1=O,0.23028089580217348,0.0,0.1769525162134908,0.0,0.7566444444444443,1.0,0.03,0.0,0.4676333333333334,0.0
